Trade Date,Settle Date,Currency,Activity Type,Symbol / Description,Symbol,Description,Quantity,Price,Amount
2024-01-15,2024-01-17,USD,BUY,AAPL - APPLE INC,AAPL,APPLE INC,10,150.50,-1505.00
2024-02-10,2024-02-12,USD,BUY,MSFT - MICROSOFT CORP,MSFT,MICROSOFT CORP,5,410.00,-2050.00
2024-03-20,2024-03-22,USD,SELL,AAPL - APPLE INC,AAPL,APPLE INC,5,175.25,876.25
2024-03-15,2024-03-17,USD,DIV,AAPL - APPLE INC,AAPL,APPLE INC,,,2.40
2024-03-15,2024-03-17,USD,DIVNRA,AAPL - APPLE INC,AAPL,APPLE INC,,,-0.36
2024-06-15,2024-06-17,USD,DIV,MSFT - MICROSOFT CORP,MSFT,MICROSOFT CORP,,,3.75
2024-06-15,2024-06-17,USD,DIVNRA,MSFT - MICROSOFT CORP,MSFT,MICROSOFT CORP,,,-0.56
2024-07-01,2024-07-03,USD,SSP,NVDA - NVIDIA CORP,NVDA,NVIDIA CORP,10,,
2024-01-01,2024-01-01,USD,CDEP,Cash Deposit,,,,,5000.00
